MMI,Depth,Gap,Net,NST,Place,RMS,Sig,Sources,Status,Type,Time,URL
,0.06729,51.0,ci,39.0,"10km SSW of Idyllwild, CA",0.09,26,",ci,",reviewed,earthquake,1388620296020,https://earthquake.usgs.gov/earthquakes/eventpage/ci11408890
,,,ak,,"117km NW of Talkeetna, Alaska",0.57,19,",ak,ak,",reviewed,earthquake,1388620046501,https://earthquake.usgs.gov/earthquakes/eventpage/ak01421ig3u
,,,ak,,"6km SSW of Big Lake, Alaska",0.47,22,",ak,ak,",reviewed,earthquake,1388619956476,https://earthquake.usgs.gov/earthquakes/eventpage/ak01421i2zj
,,,ak,,"63km NW of Talkeetna, Alaska",0.35,30,",ak,ak,",reviewed,earthquake,1388619763623,https://earthquake.usgs.gov/earthquakes/eventpage/ak01421heui
,,,us,,"27km WNW of Coquimbo, Chile",3.09,246,",us,",reviewed,earthquake,1388619735000,https://earthquake.usgs.gov/earthquakes/eventpage/usc000mnnn
,0.007207,90.0,nc,8.0,"4km NW of The Geysers, California",0.03,4,",nc,",automatic,earthquake,1388619644020,https://earthquake.usgs.gov/earthquakes/eventpage/nc72134466
,0.001802,133.0,nc,16.0,"6km E of Mammoth Lakes, California",0.08,8,",nc,",reviewed,earthquake,1388619483870,https://earthquake.usgs.gov/earthquakes/eventpage/nc72134461
,0.04045,92.0,ci,17.0,"11km ESE of Anza, CA",0.09,3,",ci,",reviewed,earthquake,1388619402290,https://earthquake.usgs.gov/earthquakes/eventpage/ci11408882
,0.075,155.68,nn,5.0,Nevada,0.1066,6,",nn,",reviewed,earthquake,1388619146923,https://earthquake.usgs.gov/earthquakes/eventpage/nn00557597
,5.358,136.0,us,,South of the Fiji Islands,1.38,271,",us,",reviewed,earthquake,1388619137530,https://earthquake.usgs.gov/earthquakes/eventpage/usb000m2w9
,,,ak,,"74km SW of Unalaska, Alaska",0.64,50,",ak,ak,",reviewed,earthquake,1388618718598,https://earthquake.usgs.gov/earthquakes/eventpage/ak01421dpqr
,3.439,82.0,us,,"269km S of Amahusu, Indonesia",1.05,271,",us,",reviewed,earthquake,1388618653890,https://earthquake.usgs.gov/earthquakes/eventpage/usb000m2wa
,0.08557,115.0,uw,10.0,"12km E of Victoria, Canada",0.09,6,",uw,",reviewed,earthquake,1388618284550,https://earthquake.usgs.gov/earthquakes/eventpage/uw60664506
,0.068,193.46,nn,4.0,Nevada,0.1151,1,",nn,",reviewed,earthquake,1388618225608,https://earthquake.usgs.gov/earthquakes/eventpage/nn00557596
,0.28027437,165.6,pr,15.0,"4km SW of Guaynabo, Puerto Rico",0.23,112,",pr,us,",REVIEWED,earthquake,1388617808800,https://earthquake.usgs.gov/earthquakes/eventpage/pr14001004
,0.01072,97.0,ci,10.0,"10km SW of Niland, CA",0.06,1,",ci,",reviewed,earthquake,1388617699360,https://earthquake.usgs.gov/earthquakes/eventpage/ci11408874
,,,us,,"18km ESE of Playa Vicente, Mexico",1.12,246,",us,",reviewed,earthquake,1388617516400,https://earthquake.usgs.gov/earthquakes/eventpage/usc000mh9r
,0.021,148.56,nn,7.0,"53km NNW of Pahrump, Nevada",0.0885,1,",nn,",reviewed,earthquake,1388617471115,https://earthquake.usgs.gov/earthquakes/eventpage/nn00432852
,0.02973,90.0,nc,19.0,"12km SE of Mammoth Lakes, California",0.05,2,",nc,",reviewed,earthquake,1388617009820,https://earthquake.usgs.gov/earthquakes/eventpage/nc72134456
,0.1932,273.0,ci,11.0,"13km W of Alberto Oviedo Mota, B.C., MX",0.14,54,",ci,",reviewed,earthquake,1388616646650,https://earthquake.usgs.gov/earthquakes/eventpage/ci11408866
,0.01102,68.0,nc,35.0,"1km ESE of The Geysers, CA",0.06,24,",nc,",reviewed,earthquake,1388616254500,https://earthquake.usgs.gov/earthquakes/eventpage/nc72134451
,0.07568,152.0,nc,5.0,"2km ESE of Bishop, California",0.05,7,",nn,nc,",reviewed,earthquake,1388616011920,https://earthquake.usgs.gov/earthquakes/eventpage/nc72134446
,0.01622,111.0,nc,6.0,Northern California,0.02,4,",nc,",automatic,earthquake,1388615750350,https://earthquake.usgs.gov/earthquakes/eventpage/nc72134441
,0.01171,44.0,nc,42.0,"6km NW of The Geysers, California",0.04,17,",nc,",reviewed,earthquake,1388615736120,https://earthquake.usgs.gov/earthquakes/eventpage/nc72134436
,8.309,94.0,us,,"36km WNW of Sola, Vanuatu",0.97,326,",us,",reviewed,earthquake,1388615631260,https://earthquake.usgs.gov/earthquakes/eventpage/usb000m2w8
,0.088,173.49,nn,4.0,Nevada,0.0336,10,",nn,",reviewed,earthquake,1388615608908,https://earthquake.usgs.gov/earthquakes/eventpage/nn00557595
,0.01894,71.0,uw,9.0,"27km NNW of Packwood, Washington",0.08,2,",uw,",reviewed,earthquake,1388615267370,https://earthquake.usgs.gov/earthquakes/eventpage/uw60664496
,0.02963,165.0,ci,15.0,"5km SW of Idyllwild, CA",0.04,4,",ci,",reviewed,earthquake,1388615009140,https://earthquake.usgs.gov/earthquakes/eventpage/ci11408858
,0.05676,73.0,nc,42.0,"24km N of Dixon Lane-Meadow Creek, California",0.06,97,",nc,nn,ci,",reviewed,earthquake,1388614835770,https://earthquake.usgs.gov/earthquakes/eventpage/nc72134431
,0.001802,105.0,nc,8.0,"4km NW of The Geysers, California",0.01,4,",nc,",automatic,earthquake,1388614645310,https://earthquake.usgs.gov/earthquakes/eventpage/nc72134426
,0.081,198.4,nn,4.0,Nevada,0.0181,2,",nn,",reviewed,earthquake,1388614630842,https://earthquake.usgs.gov/earthquakes/eventpage/nn00557594
,0.01441,47.0,nc,50.0,"5km WNW of The Geysers, California",0.04,31,",nc,",reviewed,earthquake,1388614523980,https://earthquake.usgs.gov/earthquakes/eventpage/nc72134421
,0.04316,137.0,ci,13.0,"20km ESE of Anza, CA",0.08,3,",ci,",reviewed,earthquake,1388614491890,https://earthquake.usgs.gov/earthquakes/eventpage/ci11408842
,0.002703,112.0,nc,18.0,"6km E of Mammoth Lakes, California",0.1,7,",nc,",reviewed,earthquake,1388614225770,https://earthquake.usgs.gov/earthquakes/eventpage/nc72134411
,0.001802,111.0,nc,11.0,"6km E of Mammoth Lakes, California",0.1,2,",nc,",reviewed,earthquake,1388614199290,https://earthquake.usgs.gov/earthquakes/eventpage/nc72134416
,0.01261,108.0,nc,12.0,"7km ESE of Mammoth Lakes, California",0.02,0,",nc,",reviewed,earthquake,1388614036060,https://earthquake.usgs.gov/earthquakes/eventpage/nc72134406
,16.894,80.0,us,,Southern Mid-Atlantic Ridge,0.76,298,",us,",reviewed,earthquake,1388613903740,https://earthquake.usgs.gov/earthquakes/eventpage/usb000m2w5
,,,ak,,"32km WNW of Valdez, Alaska",0.46,50,",ak,ak,",reviewed,earthquake,1388613896936,https://earthquake.usgs.gov/earthquakes/eventpage/ak01420nv25
,0.0009009,135.0,nc,11.0,"6km E of Mammoth Lakes, California",0.09,6,",nc,",reviewed,earthquake,1388613846190,https://earthquake.usgs.gov/earthquakes/eventpage/nc72134401
,,,ak,,"57km ESE of Whittier, Alaska",0.72,56,",ak,ak,",reviewed,earthquake,1388613564926,https://earthquake.usgs.gov/earthquakes/eventpage/ak01420e5d8
,0.01261,204.0,nc,5.0,Northern California,0.03,5,",nc,",automatic,earthquake,1388613493430,https://earthquake.usgs.gov/earthquakes/eventpage/nc72134396
,0.007207,166.0,nc,6.0,"7km NW of The Geysers, California",0.01,3,",nc,",automatic,earthquake,1388613272880,https://earthquake.usgs.gov/earthquakes/eventpage/nc72134391
,,,ak,,"82km SW of Unalaska, Alaska",0.65,89,",ak,ak,",reviewed,earthquake,1388612889542,https://earthquake.usgs.gov/earthquakes/eventpage/ak01420bray
,0.009009,35.0,nc,50.0,"7km NW of The Geysers, California",0.04,26,",nc,",reviewed,earthquake,1388612358450,https://earthquake.usgs.gov/earthquakes/eventpage/nc72134386
,0.022,151.24,nn,9.0,Nevada,0.1543,0,",nn,",reviewed,earthquake,1388612314180,https://earthquake.usgs.gov/earthquakes/eventpage/nn00432847
,,,ak,,"1km ENE of Badger, Alaska",0.35,4,",ak,ak,",reviewed,earthquake,1388612184237,https://earthquake.usgs.gov/earthquakes/eventpage/ak0142097uf
,1.955,89.0,us,,"216km NW of Saumlaki, Indonesia",1.35,246,",us,",reviewed,earthquake,1388612020420,https://earthquake.usgs.gov/earthquakes/eventpage/usb000m2w4
,0.0009009,58.0,nc,13.0,"6km NW of The Geysers, California",0.01,5,",nc,",automatic,earthquake,1388611837690,https://earthquake.usgs.gov/earthquakes/eventpage/nc72134381
,0.08495,112.0,ci,20.0,"10km NE of Indio, CA",0.11,15,",ci,",reviewed,earthquake,1388611612150,https://earthquake.usgs.gov/earthquakes/eventpage/ci11408834
,2.79,62.0,us,,"69km ENE of Amahai, Indonesia",1.46,340,",us,",reviewed,earthquake,1388611549120,https://earthquake.usgs.gov/earthquakes/eventpage/usc000lvew
,0.1622,158.0,nc,12.0,"11km SSE of Chester, California",0.06,30,",nc,",reviewed,earthquake,1388610885690,https://earthquake.usgs.gov/earthquakes/eventpage/nc72134376
,0.072,178.18,nn,5.0,Nevada,0.0244,15,",nn,",reviewed,earthquake,1388610847781,https://earthquake.usgs.gov/earthquakes/eventpage/nn00557593
,0.652,160.0,us,,"180km SSE of Sinabang, Indonesia",1.3,312,",us,",reviewed,earthquake,1388610693410,https://earthquake.usgs.gov/earthquakes/eventpage/usc000lven
,0.2058,303.0,ci,9.0,"11km W of Alberto Oviedo Mota, B.C., MX",0.12,60,",ci,",reviewed,earthquake,1388610678030,https://earthquake.usgs.gov/earthquakes/eventpage/ci11408826
,0.03305,114.0,ci,7.0,"12km ENE of Coso Junction, CA",0.11,0,",ci,",reviewed,earthquake,1388609758050,https://earthquake.usgs.gov/earthquakes/eventpage/ci11408810
,0.068,176.2,nn,7.0,Nevada,0.1218,39,",nn,",reviewed,earthquake,1388609730387,https://earthquake.usgs.gov/earthquakes/eventpage/nn00557592
,,,ak,,"72km W of Cantwell, Alaska",0.35,56,",ak,ak,",reviewed,earthquake,1388609422792,https://earthquake.usgs.gov/earthquakes/eventpage/ak0141zqs5j
,,,ak,,"72km E of Bear Creek, Alaska",0.33,56,",ak,ak,",reviewed,earthquake,1388608484558,https://earthquake.usgs.gov/earthquakes/eventpage/ak0141znedj
,,133.0,hv,15.0,"13 km ENE of Honaunau-Napoopoo, Hawaii",0.13,27,",hv,",reviewed,earthquake,1388608223310,https://earthquake.usgs.gov/earthquakes/eventpage/hv60614426
,0.01081,101.0,nc,9.0,"3km W of Cobb, California",0.01,12,",nc,",automatic,earthquake,1388608123990,https://earthquake.usgs.gov/earthquakes/eventpage/nc72134371
,0.02432,261.0,nc,4.0,Northern California,0.04,4,",nc,",automatic,earthquake,1388608089990,https://earthquake.usgs.gov/earthquakes/eventpage/nc72134366
,0.1957,160.0,uw,9.0,"1km WSW of Wauna, Washington",0.08,8,",uw,",reviewed,earthquake,1388606854770,https://earthquake.usgs.gov/earthquakes/eventpage/uw60664436
,0.01081,41.0,nc,47.0,"2km WNW of Cobb, California",0.07,32,",nc,",reviewed,earthquake,1388606750260,https://earthquake.usgs.gov/earthquakes/eventpage/nc72134361
,0.08697,113.0,ci,21.0,"10km NE of Indio, CA",0.12,14,",ci,",reviewed,earthquake,1388606046990,https://earthquake.usgs.gov/earthquakes/eventpage/ci11408802
,0.00991,109.0,nc,6.0,Northern California,0.01,3,",nc,",automatic,earthquake,1388605793410,https://earthquake.usgs.gov/earthquakes/eventpage/nc72134356
,0.01261,96.0,nc,17.0,"6km NW of The Geysers, California",0.02,6,",nc,",automatic,earthquake,1388605685310,https://earthquake.usgs.gov/earthquakes/eventpage/nc72134346
,0.3,115.0,nc,17.0,"13km SW of Westwood, California",0.06,41,",nn,nc,",reviewed,earthquake,1388605637310,https://earthquake.usgs.gov/earthquakes/eventpage/nc72134351
,0.01558,158.0,ci,7.0,"4km S of Wofford Heights, CA",0.1,16,",ci,",reviewed,earthquake,1388605470590,https://earthquake.usgs.gov/earthquakes/eventpage/ci11408794
,,,ak,,"84km SW of Sand Point, Alaska",0.64,68,",ak,ak,",reviewed,earthquake,1388605387038,https://earthquake.usgs.gov/earthquakes/eventpage/ak0141z3tbj
,0.07285,144.0,ci,23.0,"20km ESE of Anza, CA",0.08,3,",ci,",reviewed,earthquake,1388605268700,https://earthquake.usgs.gov/earthquakes/eventpage/ci11408786
,0.157,281.92,nn,6.0,"61km WNW of Beatty, Nevada",0.0311,0,",nn,",reviewed,earthquake,1388604613807,https://earthquake.usgs.gov/earthquakes/eventpage/nn00433110
,,,ak,,"77km NNE of Redoubt Volcano, Alaska",0.54,68,",ak,ak,",reviewed,earthquake,1388604472790,https://earthquake.usgs.gov/earthquakes/eventpage/ak0141z0he7
,0.002703,144.0,nc,7.0,"Long Valley area, California",0.07,0,",nc,",reviewed,earthquake,1388603977650,https://earthquake.usgs.gov/earthquakes/eventpage/nc72134341
,1.385,163.0,us,,"61km NW of Meulaboh, Indonesia",0.97,284,",us,",reviewed,earthquake,1388603876090,https://earthquake.usgs.gov/earthquakes/eventpage/usc000lvdi
,,,ak,,"32km WNW of Seward, Alaska",0.44,56,",ak,ak,",reviewed,earthquake,1388603761998,https://earthquake.usgs.gov/earthquakes/eventpage/ak0141yy0lj
,0.01997,126.0,ci,9.0,"11km ENE of Coso Junction, CA",0.07,0,",ci,",reviewed,earthquake,1388603484570,https://earthquake.usgs.gov/earthquakes/eventpage/ci11408778
,0.01171,105.0,nc,7.0,"3km NNW of The Geysers, California",0.02,1,",nc,",automatic,earthquake,1388603336890,https://earthquake.usgs.gov/earthquakes/eventpage/nc72134326
,0.05135,289.0,nc,7.0,Central California,0.03,0,",nc,",reviewed,earthquake,1388603284950,https://earthquake.usgs.gov/earthquakes/eventpage/nc72134331
,0.05586,61.0,nc,12.0,"27km NE of Soledad, California",0.09,7,",nc,",reviewed,earthquake,1388603175180,https://earthquake.usgs.gov/earthquakes/eventpage/nc72134321
,0.0964,219.0,nc,7.0,Northern California,0.46,11,",nc,",reviewed,earthquake,1388602653370,https://earthquake.usgs.gov/earthquakes/eventpage/nc72134316
,,,ak,,"8km SSE of Willow, Alaska",0.44,30,",ak,ak,",reviewed,earthquake,1388601950417,https://earthquake.usgs.gov/earthquakes/eventpage/ak0141yiwht
,0.01843,92.0,ci,12.0,"3km S of Wofford Heights, CA",0.09,24,",ci,",reviewed,earthquake,1388601720050,https://earthquake.usgs.gov/earthquakes/eventpage/ci11408770
,0.4393,194.0,ld,16.0,"8km N of Rigaud, Canada",0.3,54,",ld,",reviewed,earthquake,1388601211960,https://earthquake.usgs.gov/earthquakes/eventpage/ld60052526
,,,ak,,"54km N of Valdez, Alaska",0.76,56,",ak,ak,",reviewed,earthquake,1388601091473,https://earthquake.usgs.gov/earthquakes/eventpage/ak0141yfv0b
,0.144,311.13,nn,3.0,Nevada,0.0002,0,",nn,",reviewed,earthquake,1388601049507,https://earthquake.usgs.gov/earthquakes/eventpage/nn00432945
,0.01081,90.0,nc,10.0,"5km NW of The Geysers, California",0.03,4,",nc,",automatic,earthquake,1388600627950,https://earthquake.usgs.gov/earthquakes/eventpage/nc72134311
,0.01367,160.0,ci,7.0,"5km S of Wofford Heights, CA",0.08,7,",ci,",reviewed,earthquake,1388600474310,https://earthquake.usgs.gov/earthquakes/eventpage/ci11408762
,,,ak,,"152km SSE of Tok, Alaska",0.38,26,",ak,ak,",reviewed,earthquake,1388600020299,https://earthquake.usgs.gov/earthquakes/eventpage/ak0141yc0st
,0.007207,80.0,nc,9.0,"6km WSW of Mammoth Lakes, California",0.05,5,",nc,",reviewed,earthquake,1388599780420,https://earthquake.usgs.gov/earthquakes/eventpage/nc72134306
,0.006306,89.0,nc,8.0,"3km NW of The Geysers, California",0.01,4,",nc,",automatic,earthquake,1388599610700,https://earthquake.usgs.gov/earthquakes/eventpage/nc72134296
,0.134,309.64,nn,3.0,Nevada,0.0008,0,",nn,",reviewed,earthquake,1388599554928,https://earthquake.usgs.gov/earthquakes/eventpage/nn00432944
,0.01892,83.0,nc,11.0,"7km WSW of Mammoth Lakes, California",0.07,2,",nc,",reviewed,earthquake,1388599465460,https://earthquake.usgs.gov/earthquakes/eventpage/nc72135686
,0.00991,246.0,nc,10.0,"10km W of Mammoth Lakes, California",0.13,2,",nc,",reviewed,earthquake,1388599459810,https://earthquake.usgs.gov/earthquakes/eventpage/nc71076964
,0.08919,307.0,nc,8.0,"19km W of Mammoth Lakes, California",0.05,10,",nc,",reviewed,earthquake,1388599446760,https://earthquake.usgs.gov/earthquakes/eventpage/nc71076969
,0.04233,37.0,ci,40.0,"9km N of Cabazon, CA",0.12,32,",ci,",reviewed,earthquake,1388598819870,https://earthquake.usgs.gov/earthquakes/eventpage/ci11408754
,0.06826,104.0,ci,9.0,"8km NNW of Anza, CA",0.02,2,",ci,",reviewed,earthquake,1388598592630,https://earthquake.usgs.gov/earthquakes/eventpage/ci11408746
,0.01193,70.0,ci,14.0,"4km S of Wofford Heights, CA",0.17,19,",ci,",reviewed,earthquake,1388598303490,https://earthquake.usgs.gov/earthquakes/eventpage/ci11408738
,3.738,104.0,us,,"46km ESE of Farallon de Pajaros, Northern Mariana Islands",0.69,340,",us,",reviewed,earthquake,1388598198610,https://earthquake.usgs.gov/earthquakes/eventpage/usc000lvd6
,0.00991,50.0,nc,15.0,"6km W of Cobb, California",0.02,11,",nc,",automatic,earthquake,1388598178980,https://earthquake.usgs.gov/earthquakes/eventpage/nc72134291
,0.06762,126.0,ci,8.0,"10km SSW of Idyllwild, CA",0.02,0,",ci,",reviewed,earthquake,1388597566950,https://earthquake.usgs.gov/earthquakes/eventpage/ci11408730
,0.1887,90.0,uw,18.0,"2km WSW of Wauna, Washington",0.11,31,",uw,",reviewed,earthquake,1388597214420,https://earthquake.usgs.gov/earthquakes/eventpage/uw60664401
,,,us,,"64km SE of Tanaga Volcano, Alaska",0.62,199,",us,ak,",reviewed,earthquake,1388597053380,https://earthquake.usgs.gov/earthquakes/eventpage/usc000lyby
,0.001802,45.0,nc,66.0,"9km NW of The Geysers, California",0.05,60,",nc,",reviewed,earthquake,1388596992080,https://earthquake.usgs.gov/earthquakes/eventpage/nc72134286
,0.0662,54.0,ci,21.0,"7km NNW of Cabazon, CA",0.07,13,",ci,",reviewed,earthquake,1388596432160,https://earthquake.usgs.gov/earthquakes/eventpage/ci11408722
,,,ak,,"34km N of Nikiski, Alaska",0.33,39,",ak,ak,",reviewed,earthquake,1388595996317,https://earthquake.usgs.gov/earthquakes/eventpage/ak0141xp2vj
,,,ak,,"119km W of Cantwell, Alaska",0.58,30,",ak,ak,",reviewed,earthquake,1388595951942,https://earthquake.usgs.gov/earthquakes/eventpage/ak0141xowd6
,0.03395,69.0,ci,17.0,"6km WSW of Calipatria, CA",0.13,23,",ci,",reviewed,earthquake,1388595846710,https://earthquake.usgs.gov/earthquakes/eventpage/ci11408714
,,268.0,hv,6.0,"14 km E of Naalehu, Hawaii",0.04,57,",hv,",reviewed,earthquake,1388595596340,https://earthquake.usgs.gov/earthquakes/eventpage/hv60614356
,,216.0,hv,14.0,"11 km SSE of Pāhala, Hawaii",0.12,60,",hv,",reviewed,earthquake,1388595303150,https://earthquake.usgs.gov/earthquakes/eventpage/hv60614346
,0.005405,75.0,nc,20.0,"10km WNW of Cobb, California",0.04,16,",nc,",automatic,earthquake,1388595185960,https://earthquake.usgs.gov/earthquakes/eventpage/nc72134281
,0.1492,306.0,uw,3.0,"22km S of Sequim, Washington",0.22,1,",uw,",reviewed,earthquake,1388595112000,https://earthquake.usgs.gov/earthquakes/eventpage/uw60664386
,0.11049278,316.8,pr,3.0,"10km SSE of Pole Ojea, Puerto Rico",0.07,30,",pr,",REVIEWED,earthquake,1388594914900,https://earthquake.usgs.gov/earthquakes/eventpage/pr14001003
4.509,2.47,57.0,us,,"21km ESE of Pospelikha, Russia",0.86,326,",us,",reviewed,earthquake,1388594873860,https://earthquake.usgs.gov/earthquakes/eventpage/usc000lvcu
,0.02342,164.0,nc,8.0,"23km E of Shingletown, California",0.18,4,",nc,",reviewed,earthquake,1388594098900,https://earthquake.usgs.gov/earthquakes/eventpage/nc72134966
,0.03423,35.0,nc,31.0,"3km S of San Juan Bautista, California",0.08,16,",nc,",reviewed,earthquake,1388594073040,https://earthquake.usgs.gov/earthquakes/eventpage/nc72134271
,0.01261,90.0,nc,8.0,"5km W of Cobb, California",0.02,4,",nc,",automatic,earthquake,1388593404180,https://earthquake.usgs.gov/earthquakes/eventpage/nc72134266
,,167.0,hv,33.0,"19 km S of Volcano, Hawaii",0.11,24,",hv,",reviewed,earthquake,1388593160510,https://earthquake.usgs.gov/earthquakes/eventpage/hv60614331
,0.02072,144.0,nc,4.0,Northern California,0.01,5,",nc,",automatic,earthquake,1388593117950,https://earthquake.usgs.gov/earthquakes/eventpage/nc72134256
,2.576,71.0,us,,"55km NW of Abra Pampa, Argentina",0.73,369,",us,",reviewed,earthquake,1388592854380,https://earthquake.usgs.gov/earthquakes/eventpage/usc000lvb7
,0.03964,217.0,nc,29.0,"1km NE of Shandon, California",0.04,16,",nc,",reviewed,earthquake,1388592733220,https://earthquake.usgs.gov/earthquakes/eventpage/nc72134251
,0.738,214.0,us,,"63km S of Tecoanapa, Mexico",0.14,271,",us,",reviewed,earthquake,1388592456990,https://earthquake.usgs.gov/earthquakes/eventpage/usc000mh9l
4.262,3.997,14.0,us,,"32km W of Sola, Vanuatu",0.76,650,",pt,at,us,",reviewed,earthquake,1388592209000,https://earthquake.usgs.gov/earthquakes/eventpage/usc000lvb5
,0.01132,71.0,ci,15.0,"4km S of Wofford Heights, CA",0.09,14,",ci,",reviewed,earthquake,1388591902400,https://earthquake.usgs.gov/earthquakes/eventpage/ci11408698
,0.004508,46.0,ci,51.0,"5km SSW of Wofford Heights, CA",0.14,150,",ci,nc,us,",reviewed,earthquake,1388591236460,https://earthquake.usgs.gov/earthquakes/eventpage/ci11408690
,0.04346,139.0,ci,16.0,"20km ESE of Anza, CA",0.12,2,",ci,",reviewed,earthquake,1388591230030,https://earthquake.usgs.gov/earthquakes/eventpage/ci11408682
,,,ak,,"85km ENE of Cantwell, Alaska",0.59,68,",ak,ak,",reviewed,earthquake,1388591159993,https://earthquake.usgs.gov/earthquakes/eventpage/ak0141wqmf3
,0.01892,125.0,nc,8.0,"Long Valley area, California",0.02,0,",nc,",reviewed,earthquake,1388590936550,https://earthquake.usgs.gov/earthquakes/eventpage/nc72134241
,,,ak,,"102km ESE of Akutan, Alaska",0.35,81,",ak,ak,",reviewed,earthquake,1388590486048,https://earthquake.usgs.gov/earthquakes/eventpage/ak0141wo8gs
,1.828,127.0,us,,"106km ESE of Manay, Philippines",1.04,284,",us,",reviewed,earthquake,1388590120450,https://earthquake.usgs.gov/earthquakes/eventpage/usb000m2w2
,0.01171,39.0,nc,45.0,"1km NNW of The Geysers, California",0.04,26,",nc,",reviewed,earthquake,1388589626750,https://earthquake.usgs.gov/earthquakes/eventpage/nc72134236
,0.551,164.0,us,,"61km WNW of Port-Vila, Vanuatu",0.59,326,",us,",reviewed,earthquake,1388589468530,https://earthquake.usgs.gov/earthquakes/eventpage/usb000m2w1
,0.08829,74.0,nc,16.0,"16km WNW of West Bishop, California",0.04,8,",nc,nn,",reviewed,earthquake,1388588073060,https://earthquake.usgs.gov/earthquakes/eventpage/nc72134226
,0.21,161.07,nn,7.0,"24km WSW of Smith Valley, Nevada",0.1232,6,",nn,",reviewed,earthquake,1388587551979,https://earthquake.usgs.gov/earthquakes/eventpage/nn00432834
,0.01441,73.0,nc,9.0,"7km WNW of Cobb, California",0.01,7,",nc,",automatic,earthquake,1388587513070,https://earthquake.usgs.gov/earthquakes/eventpage/nc72134221
,2.199,120.0,us,,"21km ESE of Takahagi, Japan",0.85,369,",us,",reviewed,earthquake,1388587166570,https://earthquake.usgs.gov/earthquakes/eventpage/usc000lval
,3.13,52.0,us,,East of the North Island of New Zealand,0.84,369,",us,",reviewed,earthquake,1388586183600,https://earthquake.usgs.gov/earthquakes/eventpage/usc000lva0
,0.1225,110.0,nc,13.0,"17km SW of Chester, California",0.04,31,",nc,",reviewed,earthquake,1388585661880,https://earthquake.usgs.gov/earthquakes/eventpage/nc72134216
,,,ak,,"109km NW of Talkeetna, Alaska",0.73,26,",ak,ak,",reviewed,earthquake,1388585459948,https://earthquake.usgs.gov/earthquakes/eventpage/ak0141vxoqy
,0.47161552,316.8,pr,4.0,"40km SE of Emajagua, Puerto Rico",0.2,74,",pr,",REVIEWED,earthquake,1388585432900,https://earthquake.usgs.gov/earthquakes/eventpage/pr14001002
,0.01619,154.0,ci,7.0,"11km NE of Coso Junction, CA",0.06,0,",ci,",reviewed,earthquake,1388585377460,https://earthquake.usgs.gov/earthquakes/eventpage/ci11408674
,,,ak,,"186km SSE of Atka, Alaska",0.66,96,",ak,ak,",reviewed,earthquake,1388585326159,https://earthquake.usgs.gov/earthquakes/eventpage/ak0141vx893
,,,ak,,"107km NW of Talkeetna, Alaska",0.8,39,",ak,ak,",reviewed,earthquake,1388585246590,https://earthquake.usgs.gov/earthquakes/eventpage/ak0141vwz0z
,2.792,231.0,us,,"27km W of Finschhafen, Papua New Guinea",0.58,246,",us,",reviewed,earthquake,1388584462990,https://earthquake.usgs.gov/earthquakes/eventpage/usb000m2vz
,0.2019,314.0,ci,4.0,"18km NW of Coso Junction, CA",0.06,4,",ci,",reviewed,earthquake,1388584456760,https://earthquake.usgs.gov/earthquakes/eventpage/ci11408666
,,,ak,,Southern Alaska,0.39,1,",ak,",reviewed,earthquake,1388584437744,https://earthquake.usgs.gov/earthquakes/eventpage/ak0141vlgri
,0.00991,49.0,nc,49.0,"3km W of Cobb, California",0.05,29,",nc,",reviewed,earthquake,1388584200530,https://earthquake.usgs.gov/earthquakes/eventpage/nc72134211
,,,ak,,"78km NW of Nikiski, Alaska",0.37,2,",ak,",automatic,earthquake,1388583971000,https://earthquake.usgs.gov/earthquakes/eventpage/ak10931263
,,,ak,,"53km ENE of Valdez, Alaska",0.77,44,",ak,ak,",reviewed,earthquake,1388583951789,https://earthquake.usgs.gov/earthquakes/eventpage/ak0141vjqkq
,0.24793502,284.4,pr,5.0,"13km WNW of Rincon, Puerto Rico",0.12,96,",pr,us,",REVIEWED,earthquake,1388583646300,https://earthquake.usgs.gov/earthquakes/eventpage/pr14001001
,,,ak,,"28km WSW of Ester, Alaska",0.6,44,",ak,ak,",reviewed,earthquake,1388583387880,https://earthquake.usgs.gov/earthquakes/eventpage/ak0141vhrac
,0.01712,148.0,nc,7.0,"2km SSE of Ladera, California",0.02,2,",nc,",reviewed,earthquake,1388583380930,https://earthquake.usgs.gov/earthquakes/eventpage/nc72134206
,,,ak,,"56km SSE of Akutan, Alaska",0.28,89,",ak,ak,",reviewed,earthquake,1388583251391,https://earthquake.usgs.gov/earthquakes/eventpage/ak0141vhakz
,,,ak,,"118km SE of Adak, Alaska",0.33,50,",ak,ak,",reviewed,earthquake,1388582765494,https://earthquake.usgs.gov/earthquakes/eventpage/ak0141vfked
,0.07838,122.0,nc,7.0,"16km NNE of Angwin, California",0.06,13,",nc,",reviewed,earthquake,1388582155830,https://earthquake.usgs.gov/earthquakes/eventpage/nc72134201
,,,ak,,"25km WSW of Y, Alaska",0.49,62,",ak,ak,",reviewed,earthquake,1388581525033,https://earthquake.usgs.gov/earthquakes/eventpage/ak0141vb3vb
,1.823,196.0,us,,"88km SSW of Masachapa, Nicaragua",0.69,326,",us,",reviewed,earthquake,1388581398840,https://earthquake.usgs.gov/earthquakes/eventpage/usb000m2vy
,0.003604,204.0,nc,12.0,"6km W of Middletown, California",0.03,3,",nc,",reviewed,earthquake,1388580024670,https://earthquake.usgs.gov/earthquakes/eventpage/nc72134196
,,,ak,,"Andreanof Islands, Aleutian Islands, Alaska",0.35,50,",ak,",reviewed,earthquake,1388579498128,https://earthquake.usgs.gov/earthquakes/eventpage/ak0141uv9w4
,0.03548,183.0,ci,6.0,"8km ENE of Coso Junction, CA",0.08,2,",ci,",reviewed,earthquake,1388578712700,https://earthquake.usgs.gov/earthquakes/eventpage/ci11408658
,2.703,117.0,us,,"80km NW of Agrihan, Northern Mariana Islands",0.52,259,",us,",reviewed,earthquake,1388578416050,https://earthquake.usgs.gov/earthquakes/eventpage/usb000m2vw
,0.01351,48.0,nc,46.0,"5km WNW of The Geysers, California",0.04,24,",nc,",reviewed,earthquake,1388578351230,https://earthquake.usgs.gov/earthquakes/eventpage/nc72134191
,0.2455,139.0,uu,12.0,"15km SE of Fredonia, Arizona",0.18,49,",uu,",reviewed,earthquake,1388578276740,https://earthquake.usgs.gov/earthquakes/eventpage/uu60050632
,0.35573285,108.0,mb,12.0,"29km SW of Lima, Montana",0.14,30,",mb,",AUTOMATIC,earthquake,1388578116300,https://earthquake.usgs.gov/earthquakes/eventpage/mb14595454
,0.01742,196.0,ci,9.0,"10km NE of Coso Junction, CA",0.06,9,",ci,",reviewed,earthquake,1388577715730,https://earthquake.usgs.gov/earthquakes/eventpage/ci11408650
,0.06314,143.0,uw,13.0,"19km E of Kelso, Washington",0.15,3,",uw,",reviewed,earthquake,1388577684900,https://earthquake.usgs.gov/earthquakes/eventpage/uw60664346
,0.004505,52.0,nc,25.0,"6km NW of The Geysers, California",0.06,1,",nc,",reviewed,earthquake,1388577145940,https://earthquake.usgs.gov/earthquakes/eventpage/nc72134181
,0.06332,91.0,ci,10.0,"15km E of Little Lake, CA",0.11,0,",ci,",reviewed,earthquake,1388576031500,https://earthquake.usgs.gov/earthquakes/eventpage/ci11408642
,0.01261,90.0,nc,8.0,"1km NNE of The Geysers, California",0.01,12,",nc,",automatic,earthquake,1388575864000,https://earthquake.usgs.gov/earthquakes/eventpage/nc72134176
,3.317,74.0,us,,"280km ENE of Dili, East Timor",1.31,271,",us,",reviewed,earthquake,1388575479050,https://earthquake.usgs.gov/earthquakes/eventpage/usb000m2vu
,0.04028,80.0,ci,12.0,"9km NNE of Banning, CA",0.05,1,",ci,",reviewed,earthquake,1388575475910,https://earthquake.usgs.gov/earthquakes/eventpage/ci11408634
,1.203,128.0,us,,"121km ESE of Bitung, Indonesia",1.02,259,",us,",reviewed,earthquake,1388575103020,https://earthquake.usgs.gov/earthquakes/eventpage/usb000m2w0
,,,ak,,"181km E of Chitina, Alaska",0.49,30,",ak,ak,",reviewed,earthquake,1388574571213,https://earthquake.usgs.gov/earthquakes/eventpage/ak0141u5401
,1.514,103.0,us,,"156km NE of Calama, Chile",1.21,246,",us,",reviewed,earthquake,1388574521610,https://earthquake.usgs.gov/earthquakes/eventpage/usb000m2wd
,9.243,138.0,us,,West Chile Rise,0.89,326,",us,",reviewed,earthquake,1388574489850,https://earthquake.usgs.gov/earthquakes/eventpage/usc000lv8w
,5.399,116.0,us,,"69km NNW of Visokoi Island, ",1.0,298,",us,",reviewed,earthquake,1388573727410,https://earthquake.usgs.gov/earthquakes/eventpage/usb000m2wf
,0.08198,91.0,nc,15.0,"13km SSW of Lakeport, California",0.03,20,",nc,",reviewed,earthquake,1388573493610,https://earthquake.usgs.gov/earthquakes/eventpage/nc72134166
,,,ak,,"Andreanof Islands, Aleutian Islands, Alaska",0.13,44,",ak,",reviewed,earthquake,1388573343608,https://earthquake.usgs.gov/earthquakes/eventpage/ak0141ts6wo
,,,ak,,"73km N of Talkeetna, Alaska",0.45,30,",ak,ak,",reviewed,earthquake,1388573081699,https://earthquake.usgs.gov/earthquakes/eventpage/ak0141tr79l
,,,us,,"82km SSE of Akutan, Alaska",0.66,96,",ak,us,ak,",reviewed,earthquake,1388573068000,https://earthquake.usgs.gov/earthquakes/eventpage/usc000lvdk
,0.12,153.54,nn,5.0,"17km E of Hawthorne, Nevada",0.1265,0,",nn,",reviewed,earthquake,1388573042038,https://earthquake.usgs.gov/earthquakes/eventpage/nn00435972
,0.05178,61.0,ci,21.0,"10km WNW of Garnet, CA",0.07,8,",ci,",reviewed,earthquake,1388572837840,https://earthquake.usgs.gov/earthquakes/eventpage/ci11408626
,0.05898,76.0,uu,14.0,"17km NNE of Old Faithful Geyser, Wyoming",0.19,25,",uu,",reviewed,earthquake,1388572206850,https://earthquake.usgs.gov/earthquakes/eventpage/uu60050627
,0.007207,135.0,nc,8.0,"5km WSW of Mammoth Lakes, California",0.1,0,",nc,",reviewed,earthquake,1388572171700,https://earthquake.usgs.gov/earthquakes/eventpage/nc72135671
,0.05112,75.0,uu,11.0,"18km NNE of Old Faithful Geyser, Wyoming",0.21,49,",uu,",reviewed,earthquake,1388572006010,https://earthquake.usgs.gov/earthquakes/eventpage/uu60050622
,0.148,311.66,nn,3.0,Nevada,0.1216,0,",nn,",reviewed,earthquake,1388571703897,https://earthquake.usgs.gov/earthquakes/eventpage/nn00432943
,,,us,,"46km WSW of Amatignak Island, Alaska",1.09,104,",us,ak,",reviewed,earthquake,1388571662910,https://earthquake.usgs.gov/earthquakes/eventpage/usc000lybx
,4.148,174.0,us,,"97km SSW of Banda Aceh, Indonesia",0.63,246,",us,",reviewed,earthquake,1388571047900,https://earthquake.usgs.gov/earthquakes/eventpage/usb000m2vq
,,,ak,,"45km NW of Willow, Alaska",0.51,26,",ak,ak,",reviewed,earthquake,1388570781124,https://earthquake.usgs.gov/earthquakes/eventpage/ak0141tj0gw
,,,us,,"117km SE of Adak, Alaska",0.54,129,",us,ak,",reviewed,earthquake,1388570389520,https://earthquake.usgs.gov/earthquakes/eventpage/usc000lybw
,0.001802,23.0,nc,63.0,"5km NW of The Geysers, California",0.04,61,",nc,",reviewed,earthquake,1388570195650,https://earthquake.usgs.gov/earthquakes/eventpage/nc72134126
,0.005405,116.0,nc,6.0,"10km WNW of Cobb, California",0.02,5,",nc,",automatic,earthquake,1388569991350,https://earthquake.usgs.gov/earthquakes/eventpage/nc72134121
,0.01523,114.0,ci,22.0,"0km SSW of Orange, CA",0.09,28,",ci,",reviewed,earthquake,1388569943910,https://earthquake.usgs.gov/earthquakes/eventpage/ci11408618
,0.005405,82.0,nc,11.0,"6km W of Cobb, California",0.02,8,",nc,",automatic,earthquake,1388569821950,https://earthquake.usgs.gov/earthquakes/eventpage/nc72134116
,,,ak,,"8km SW of Cantwell, Alaska",0.48,50,",ak,ak,",reviewed,earthquake,1388569193499,https://earthquake.usgs.gov/earthquakes/eventpage/ak0141t4pzp
,,,ak,,"Andreanof Islands, Aleutian Islands, Alaska",0.39,56,",ak,",reviewed,earthquake,1388568999458,https://earthquake.usgs.gov/earthquakes/eventpage/ak0141t41rd
,,,ak,,"74km W of Willow, Alaska",0.4,50,",ak,ak,",reviewed,earthquake,1388568599619,https://earthquake.usgs.gov/earthquakes/eventpage/ak0141t2lax
,0.83543321,244.8,pr,9.0,"89km NW of San Antonio, Puerto Rico",0.25,158,",pr,us,",REVIEWED,earthquake,1388568439300,https://earthquake.usgs.gov/earthquakes/eventpage/pr14001000
,,,ak,,"36km N of Talkeetna, Alaska",0.48,35,",ak,ak,",reviewed,earthquake,1388568404360,https://earthquake.usgs.gov/earthquakes/eventpage/ak0141t1wz8
,0.1683,255.0,ci,9.0,"14km NW of Coso Junction, CA",0.04,4,",ci,",reviewed,earthquake,1388568362680,https://earthquake.usgs.gov/earthquakes/eventpage/ci11408610
,0.092,139.58,nn,3.0,Nevada,0.0006,0,",nn,",reviewed,earthquake,1388568026976,https://earthquake.usgs.gov/earthquakes/eventpage/nn00432942
,,,us,,"81km SSE of Cold Bay, Alaska",0.59,104,",ak,us,ak,",reviewed,earthquake,1388567841120,https://earthquake.usgs.gov/earthquakes/eventpage/usc000lybb
,0.03331,146.0,uu,24.0,"48km WNW of Tremonton, Utah",0.2,68,",uu,",reviewed,earthquake,1388567181460,https://earthquake.usgs.gov/earthquakes/eventpage/uu60050607
,0.008108,58.0,nc,18.0,"7km NW of The Geysers, California",0.03,12,",nc,",automatic,earthquake,1388567172530,https://earthquake.usgs.gov/earthquakes/eventpage/nc72134111
,,,us,,"45km S of Tanaga Volcano, Alaska",0.47,96,",ak,us,ak,",reviewed,earthquake,1388567034500,https://earthquake.usgs.gov/earthquakes/eventpage/usc000lvde
,0.317,118.37,nn,7.0,Central California,0.1025,19,",nn,",reviewed,earthquake,1388566212793,https://earthquake.usgs.gov/earthquakes/eventpage/nn00557599
,0.00991,33.0,nc,43.0,"6km W of Cobb, California",0.03,26,",nc,",reviewed,earthquake,1388566128760,https://earthquake.usgs.gov/earthquakes/eventpage/nc72134106
,0.006306,167.0,nc,5.0,Northern California,0.01,1,",nc,",reviewed,earthquake,1388565873540,https://earthquake.usgs.gov/earthquakes/eventpage/nc72134101
,0.03604,70.0,nc,33.0,"11km NNE of Angwin, California",0.11,53,",nc,",reviewed,earthquake,1388565497530,https://earthquake.usgs.gov/earthquakes/eventpage/nc72134096
,0.00991,33.0,nc,52.0,"6km W of Cobb, California",0.04,38,",nc,",reviewed,earthquake,1388565330890,https://earthquake.usgs.gov/earthquakes/eventpage/nc72134091
,0.06444,45.0,ci,38.0,"6km NNW of Cabazon, CA",0.1,19,",ci,",reviewed,earthquake,1388565293750,https://earthquake.usgs.gov/earthquakes/eventpage/ci11408602
,0.067,88.38,nn,8.0,"1km W of Lemmon Valley, Nevada",0.0998,4,",nn,",reviewed,earthquake,1388565256334,https://earthquake.usgs.gov/earthquakes/eventpage/nn00432831
,0.01051,175.0,ci,16.0,"3km SSW of Idyllwild, CA",0.11,4,",ci,",reviewed,earthquake,1388565167630,https://earthquake.usgs.gov/earthquakes/eventpage/ci11408594
,0.01171,257.0,nc,8.0,"5km SSW of Mammoth Lakes, California",0.05,0,",nc,",reviewed,earthquake,1388564570340,https://earthquake.usgs.gov/earthquakes/eventpage/nc72134086
,0.008108,285.0,nc,7.0,Northern California,0.02,5,",nc,",automatic,earthquake,1388563128970,https://earthquake.usgs.gov/earthquakes/eventpage/nc72134081
,0.073,102.28,nn,14.0,"8km SSW of Dayton, Nevada",0.1351,8,",nn,",reviewed,earthquake,1388562861267,https://earthquake.usgs.gov/earthquakes/eventpage/nn00432828
,3.893,84.0,us,,"258km NNE of Ndoi Island, Fiji",0.94,326,",us,",reviewed,earthquake,1388562836380,https://earthquake.usgs.gov/earthquakes/eventpage/usc000lv7u
,0.008274,126.0,ci,11.0,"8km N of Borrego Springs, CA",0.05,2,",ci,",reviewed,earthquake,1388562738550,https://earthquake.usgs.gov/earthquakes/eventpage/ci11408586
,0.01441,111.0,nc,6.0,Northern California,0.01,0,",nc,",automatic,earthquake,1388562376480,https://earthquake.usgs.gov/earthquakes/eventpage/nc72134076
,0.01171,141.0,nc,8.0,"6km NW of The Geysers, California",0.02,0,",nc,",automatic,earthquake,1388562256370,https://earthquake.usgs.gov/earthquakes/eventpage/nc72134071
,0.0528,87.0,ci,20.0,"10km NNW of Anza, CA",0.05,3,",ci,",reviewed,earthquake,1388561401920,https://earthquake.usgs.gov/earthquakes/eventpage/ci11408578
,0.01622,70.0,nc,15.0,"8km WNW of Cobb, California",0.03,12,",nc,",automatic,earthquake,1388561383900,https://earthquake.usgs.gov/earthquakes/eventpage/nc72134066
,,,ak,,"Andreanof Islands, Aleutian Islands, Alaska",0.25,50,",ak,",reviewed,earthquake,1388560708641,https://earthquake.usgs.gov/earthquakes/eventpage/ak0141rtats
,0.097,113.51,nn,4.0,Northern California,0.0737,0,",nn,",reviewed,earthquake,1388559926722,https://earthquake.usgs.gov/earthquakes/eventpage/nn00432940
,0.05856,128.0,nc,7.0,"4km ENE of Laytonville, California",0.14,22,",nc,",reviewed,earthquake,1388559865910,https://earthquake.usgs.gov/earthquakes/eventpage/nc72134051
,4.204,52.0,us,,"260km W of Kamiiso, Japan",0.92,369,",us,",reviewed,earthquake,1388559844190,https://earthquake.usgs.gov/earthquakes/eventpage/usc000lv7r
,0.07027,190.0,nc,12.0,"22km NNE of Soledad, California",0.12,9,",nc,",reviewed,earthquake,1388559577970,https://earthquake.usgs.gov/earthquakes/eventpage/nc72134046
,0.01351,52.0,nc,25.0,"5km W of Cobb, California",0.04,1,",nc,",reviewed,earthquake,1388559559450,https://earthquake.usgs.gov/earthquakes/eventpage/nc72134041
,0.01892,134.0,nc,7.0,"6km W of Cobb, California",0.01,5,",nc,",automatic,earthquake,1388558892070,https://earthquake.usgs.gov/earthquakes/eventpage/nc72134036
,0.1207,57.0,ci,26.0,"11km NW of Warner Springs, CA",0.15,8,",ci,",reviewed,earthquake,1388557813580,https://earthquake.usgs.gov/earthquakes/eventpage/ci11408562
,0.08018,82.0,nc,20.0,"5km NW of Montalvin, California",0.09,8,",nc,",reviewed,earthquake,1388557466830,https://earthquake.usgs.gov/earthquakes/eventpage/nc72134031
,0.01982,107.0,nc,7.0,"1km NNW of The Geysers, California",0.01,4,",nc,",automatic,earthquake,1388557287480,https://earthquake.usgs.gov/earthquakes/eventpage/nc72134026
,0.008,203.82,nn,3.0,Northern California,0.0229,0,",nn,",reviewed,earthquake,1388557153542,https://earthquake.usgs.gov/earthquakes/eventpage/nn00432939
,17.795,129.0,us,,"256km N of Marion Island, Prince Edward Islands",0.42,284,",us,",reviewed,earthquake,1388557035340,https://earthquake.usgs.gov/earthquakes/eventpage/usb000m2vm
,,,us,,"29km SW of Darab, Iran",1.41,246,",us,",reviewed,earthquake,1388556513500,https://earthquake.usgs.gov/earthquakes/eventpage/usc000lv7j
,0.05093,64.0,ci,28.0,"10km N of Banning, CA",0.1,10,",ci,",reviewed,earthquake,1388556488800,https://earthquake.usgs.gov/earthquakes/eventpage/ci11408554
,0.06574,55.0,ci,52.0,"15km N of Borrego Springs, CA",0.18,28,",ci,",reviewed,earthquake,1388555952950,https://earthquake.usgs.gov/earthquakes/eventpage/ci11408546
,0.006306,64.0,nc,20.0,"6km W of Cobb, California",0.03,12,",nc,",automatic,earthquake,1388555870070,https://earthquake.usgs.gov/earthquakes/eventpage/nc72134021
,0.03153,66.0,nc,22.0,"7km NNE of Cloverdale, California",0.05,19,",nc,",reviewed,earthquake,1388555753800,https://earthquake.usgs.gov/earthquakes/eventpage/nc72134016
,0.1734,82.0,ci,16.0,"15km NW of Coso Junction, CA",0.13,17,",ci,",reviewed,earthquake,1388555729320,https://earthquake.usgs.gov/earthquakes/eventpage/ci11408538
,0.0779,64.0,ci,32.0,"12km ENE of Cabazon, CA",0.09,12,",ci,",reviewed,earthquake,1388555603870,https://earthquake.usgs.gov/earthquakes/eventpage/ci11408530
,1.771,152.0,us,,"60km W of Vallenar, Chile",0.64,312,",us,",reviewed,earthquake,1388555333370,https://earthquake.usgs.gov/earthquakes/eventpage/usc000lv8x
,0.009,236.32,nn,3.0,Northern California,0.0051,0,",nn,",reviewed,earthquake,1388555330207,https://earthquake.usgs.gov/earthquakes/eventpage/nn00432937
,0.233,80.0,uu,10.0,"31km SSE of Manti, Utah",0.1,33,",uu,",reviewed,earthquake,1388555243490,https://earthquake.usgs.gov/earthquakes/eventpage/uu60050602
,0.1042,118.0,ci,40.0,"11km SE of Lucerne Valley, CA",0.17,24,",ci,",reviewed,earthquake,1388553912520,https://earthquake.usgs.gov/earthquakes/eventpage/ci11408522
,0.08167,161.0,ci,18.0,"7km SE of Valle Vista, CA",0.07,6,",ci,",reviewed,earthquake,1388553869800,https://earthquake.usgs.gov/earthquakes/eventpage/ci11408514
,0.008,90.32,nn,6.0,Northern California,0.1014,0,",nn,",reviewed,earthquake,1388553834171,https://earthquake.usgs.gov/earthquakes/eventpage/nn00432933
,0.03333,132.0,nc,11.0,"26km WSW of Coalinga, California",0.06,2,",nc,",reviewed,earthquake,1388553610990,https://earthquake.usgs.gov/earthquakes/eventpage/nc71076849
,0.05586,147.0,nc,18.0,"28km WSW of Coalinga, California",0.11,7,",nc,",reviewed,earthquake,1388553593660,https://earthquake.usgs.gov/earthquakes/eventpage/nc72134011
,0.065,261.56,nn,5.0,Nevada,0.0675,0,",nn,",reviewed,earthquake,1388553477800,https://earthquake.usgs.gov/earthquakes/eventpage/nn00433108
,0.1713,160.0,ci,8.0,"14km NW of Coso Junction, CA",0.15,5,",ci,",reviewed,earthquake,1388553314040,https://earthquake.usgs.gov/earthquakes/eventpage/ci11408506
,,,ak,,"72km N of Talkeetna, Alaska",0.49,81,",ak,ak,",reviewed,earthquake,1388553198512,https://earthquake.usgs.gov/earthquakes/eventpage/ak0141qlc97
,0.07583,43.0,ci,41.0,"7km SE of Valle Vista, CA",0.15,23,",ci,",reviewed,earthquake,1388553009000,https://earthquake.usgs.gov/earthquakes/eventpage/ci11408498
,0.00991,50.0,nc,47.0,"1km SW of Cobb, California",0.06,28,",nc,",reviewed,earthquake,1388552834160,https://earthquake.usgs.gov/earthquakes/eventpage/nc72134006
,0.086,101.6,nn,8.0,Nevada,0.1524,0,",nn,",reviewed,earthquake,1388552214678,https://earthquake.usgs.gov/earthquakes/eventpage/nn00433106
,16.671,87.0,us,,Southern Mid-Atlantic Ridge,0.76,340,",us,",reviewed,earthquake,1388551588090,https://earthquake.usgs.gov/earthquakes/eventpage/usc000lv78
,0.01891,122.0,uu,31.0,"23km WSW of Malad City, Idaho",0.14,131,",uu,us,",reviewed,earthquake,1388549996180,https://earthquake.usgs.gov/earthquakes/eventpage/uu60050592
,0.1162,32.0,nc,30.0,"26km NE of Redway, California",0.09,69,",nc,",reviewed,earthquake,1388549939080,https://earthquake.usgs.gov/earthquakes/eventpage/nc72133976
,0.283,87.0,us,,"30km W of Hachijo-jima, Japan",0.69,259,",us,",reviewed,earthquake,1388549890770,https://earthquake.usgs.gov/earthquakes/eventpage/usb000m2vh
,2.706,147.0,us,,"233km NW of Tobelo, Indonesia",0.97,259,",us,",reviewed,earthquake,1388549886610,https://earthquake.usgs.gov/earthquakes/eventpage/usb000m2vg
,0.002703,85.0,nc,15.0,"6km NW of The Geysers, California",0.02,12,",nc,",automatic,earthquake,1388549800700,https://earthquake.usgs.gov/earthquakes/eventpage/nc72133971
,0.2789,111.0,uw,10.0,"4km NNW of White Center, Washington",0.16,16,",uw,",reviewed,earthquake,1388549563750,https://earthquake.usgs.gov/earthquakes/eventpage/uw60664316
,0.02997,123.0,ci,27.0,"11km NNE of Borrego Springs, CA",0.17,10,",ci,",reviewed,earthquake,1388549145310,https://earthquake.usgs.gov/earthquakes/eventpage/ci11408490
,,,ak,,"39km NE of Nikiski, Alaska",0.64,30,",ak,ak,",reviewed,earthquake,1388549099624,https://earthquake.usgs.gov/earthquakes/eventpage/ak0141py2dm
,0.03514,113.0,nc,12.0,"12km SSW of Loyola, California",0.1,2,",nc,",reviewed,earthquake,1388548556360,https://earthquake.usgs.gov/earthquakes/eventpage/nc72133966
,0.1264,51.0,ci,40.0,"1km W of Beaumont, CA",0.12,16,",ci,",reviewed,earthquake,1388548285340,https://earthquake.usgs.gov/earthquakes/eventpage/ci11408482
,0.056,116.02,nn,6.0,Nevada,0.1244,0,",nn,",reviewed,earthquake,1388548235677,https://earthquake.usgs.gov/earthquakes/eventpage/nn00433105
,,,ak,,"122km W of Willow, Alaska",0.53,39,",ak,ak,",reviewed,earthquake,1388548200923,https://earthquake.usgs.gov/earthquakes/eventpage/ak0141pmd6k
,,,us,,"158km SE of Nikolski, Alaska",0.71,129,",ak,us,ak,",reviewed,earthquake,1388547583770,https://earthquake.usgs.gov/earthquakes/eventpage/usc000lvdc
,0.07027,149.0,nc,22.0,"19km SE of Mammoth Lakes, California",0.04,5,",nc,",reviewed,earthquake,1388547560150,https://earthquake.usgs.gov/earthquakes/eventpage/nc72133961
,0.369,126.36,nn,10.0,Nevada,0.1128,12,",nn,",reviewed,earthquake,1388547521557,https://earthquake.usgs.gov/earthquakes/eventpage/nn00432825
,0.06679,55.0,ci,28.0,"9km N of Rancho Cucamonga, CA",0.12,16,",ci,",reviewed,earthquake,1388547353430,https://earthquake.usgs.gov/earthquakes/eventpage/ci11408474
,0.06937,149.0,nc,7.0,"19km SE of Mammoth Lakes, California",0.02,2,",nc,",reviewed,earthquake,1388547285170,https://earthquake.usgs.gov/earthquakes/eventpage/nc71076564
,0.01892,144.0,nc,6.0,"25km NNW of Laytonville, California",0.01,17,",nc,",reviewed,earthquake,1388547270150,https://earthquake.usgs.gov/earthquakes/eventpage/nc72133956
,,,ak,,"87km NNW of Nikiski, Alaska",0.41,50,",ak,ak,",reviewed,earthquake,1388547229166,https://earthquake.usgs.gov/earthquakes/eventpage/ak0141pitqc
,0.06577,95.0,nm,12.0,"2km SE of Fairfield Bay, Arkansas",0.19,56,",nm,nm,",reviewed,earthquake,1388547180560,https://earthquake.usgs.gov/earthquakes/eventpage/nm610251
,0.2162,143.0,nc,31.0,"23km ESE of Yosemite Valley, California",0.06,27,",nc,",reviewed,earthquake,1388547047290,https://earthquake.usgs.gov/earthquakes/eventpage/nc72133951
,0.06811,137.0,ci,20.0,"18km ESE of Anza, CA",0.13,2,",ci,",reviewed,earthquake,1388546917260,https://earthquake.usgs.gov/earthquakes/eventpage/ci11408466
,0.07117,108.0,nc,22.0,"19km SE of Mammoth Lakes, California",0.03,7,",nc,",reviewed,earthquake,1388546906550,https://earthquake.usgs.gov/earthquakes/eventpage/nc72133946
,3.639,47.0,us,,"297km NE of Dili, East Timor",0.79,259,",us,",reviewed,earthquake,1388546413460,https://earthquake.usgs.gov/earthquakes/eventpage/usc000lv6s
,0.01171,146.0,nc,9.0,"6km NW of The Geysers, California",0.02,3,",nc,",automatic,earthquake,1388546291670,https://earthquake.usgs.gov/earthquakes/eventpage/nc72133941
,0.01081,99.0,nc,9.0,"7km W of Cobb, California",0.02,3,",nc,",automatic,earthquake,1388546175270,https://earthquake.usgs.gov/earthquakes/eventpage/nc72133936
,0.005405,34.0,nc,48.0,"6km NW of The Geysers, California",0.04,33,",nc,",reviewed,earthquake,1388546075940,https://earthquake.usgs.gov/earthquakes/eventpage/nc72133931
,0.01273,86.0,uu,12.0,"12km NW of West Yellowstone, Montana",0.15,8,",uu,",reviewed,earthquake,1388545895000,https://earthquake.usgs.gov/earthquakes/eventpage/uu60050582
,0.05343,79.0,ci,25.0,"6km NNE of Chatsworth, CA",0.21,31,",ci,",reviewed,earthquake,1388545763820,https://earthquake.usgs.gov/earthquakes/eventpage/ci11408458
,0.01441,81.0,nc,10.0,"2km SE of The Geysers, California",0.02,5,",nc,",automatic,earthquake,1388545621350,https://earthquake.usgs.gov/earthquakes/eventpage/nc72133921
,0.005405,92.0,nc,13.0,"5km NW of The Geysers, California",0.03,9,",nc,",automatic,earthquake,1388545553310,https://earthquake.usgs.gov/earthquakes/eventpage/nc72133916
,0.2234,137.0,nc,17.0,"24km SE of Yosemite Valley, California",0.14,20,",nc,",reviewed,earthquake,1388545549070,https://earthquake.usgs.gov/earthquakes/eventpage/nc72133926
,5.486,124.0,us,,"74km SW of Lata, Solomon Islands",0.31,259,",us,",reviewed,earthquake,1388545065730,https://earthquake.usgs.gov/earthquakes/eventpage/usb000m2vf
,0.01081,53.0,nc,26.0,"7km W of Cobb, California",0.02,3,",nc,",reviewed,earthquake,1388544876470,https://earthquake.usgs.gov/earthquakes/eventpage/nc72133911
,0.04761071,100.8,mb,18.0,"41km WSW of Lakeside, Montana",0.24,56,",mb,",AUTOMATIC,earthquake,1388544550600,https://earthquake.usgs.gov/earthquakes/eventpage/mb14069302
,0.11678099,288.0,mb,5.0,"48km NE of Thompson Falls, Montana",0.01,39,",mb,",AUTOMATIC,earthquake,1388544548500,https://earthquake.usgs.gov/earthquakes/eventpage/mb14746480
,0.2189,137.0,nc,22.0,"24km SE of Yosemite Valley, California",0.14,20,",nc,",reviewed,earthquake,1388544510990,https://earthquake.usgs.gov/earthquakes/eventpage/nc72133906
,,,ak,,"77km NNW of Talkeetna, Alaska",0.43,39,",ak,ak,",reviewed,earthquake,1388544320094,https://earthquake.usgs.gov/earthquakes/eventpage/ak0141ozwh5
,0.2054,183.0,nc,16.0,"26km SE of Yosemite Valley, California",0.08,20,",nc,",reviewed,earthquake,1388544097350,https://earthquake.usgs.gov/earthquakes/eventpage/nc72133901
,0.002703,94.0,nc,10.0,"7km W of Cobb, California",0.02,5,",nc,",automatic,earthquake,1388543620830,https://earthquake.usgs.gov/earthquakes/eventpage/nc72133896
,0.056,175.02,nn,3.0,Nevada,0.032,0,",nn,",reviewed,earthquake,1388543510107,https://earthquake.usgs.gov/earthquakes/eventpage/nn00432932
,,,ak,,"63km W of Willow, Alaska",0.45,39,",ak,ak,",reviewed,earthquake,1388543471215,https://earthquake.usgs.gov/earthquakes/eventpage/ak0141owvrl
,0.398,130.87,nn,5.0,Nevada,0.0897,19,",nn,",reviewed,earthquake,1388543310478,https://earthquake.usgs.gov/earthquakes/eventpage/nn00432821
,0.008108,58.0,nc,19.0,"7km NW of The Geysers, California",0.04,16,",nc,",automatic,earthquake,1388543034150,https://earthquake.usgs.gov/earthquakes/eventpage/nc72133891
,,,ak,,"174km E of Chitina, Alaska",0.63,81,",ak,ak,",reviewed,earthquake,1388542632414,https://earthquake.usgs.gov/earthquakes/eventpage/ak0141otvu1
,0.02523,76.0,nc,39.0,"24km WSW of Coalinga, California",0.09,24,",nc,",reviewed,earthquake,1388542581940,https://earthquake.usgs.gov/earthquakes/eventpage/nc72133886
,0.0009009,73.0,nc,12.0,"4km WNW of Cobb, California",0.03,1,",nc,",reviewed,earthquake,1388542369450,https://earthquake.usgs.gov/earthquakes/eventpage/nc72133881
,0.09706,30.0,ci,77.0,"10km NNE of Ocotillo Wells, CA",0.18,89,",ci,",reviewed,earthquake,1388541642000,https://earthquake.usgs.gov/earthquakes/eventpage/ci11408450
,,57.0,hv,42.0,"8 km N of Pāhala, Hawaii",0.13,95,",hv,",reviewed,earthquake,1388541529990,https://earthquake.usgs.gov/earthquakes/eventpage/hv60614066
,,169.0,hv,6.0,"15 km S of Fern Forest, Hawaii",0.01,10,",hv,",reviewed,earthquake,1388541494180,https://earthquake.usgs.gov/earthquakes/eventpage/hv60614061
,0.008108,279.0,nc,5.0,Northern California,0.01,3,",nc,",automatic,earthquake,1388541160010,https://earthquake.usgs.gov/earthquakes/eventpage/nc72133871
,0.01532,127.0,nc,6.0,"7km WNW of Cobb, California",0.01,3,",nc,",automatic,earthquake,1388540766560,https://earthquake.usgs.gov/earthquakes/eventpage/nc72133866
,0.01081,96.0,nc,17.0,"7km W of Cobb, California",0.01,17,",nc,",automatic,earthquake,1388540668430,https://earthquake.usgs.gov/earthquakes/eventpage/nc72133861
,0.1423,126.0,nc,9.0,"27km W of Chester, California",0.08,5,",nc,",reviewed,earthquake,1388540337550,https://earthquake.usgs.gov/earthquakes/eventpage/nc72133856
,0.02217,148.0,uu,25.0,"23km WSW of Malad City, Idaho",0.2,74,",uu,",reviewed,earthquake,1388539667160,https://earthquake.usgs.gov/earthquakes/eventpage/uu60050572
,4.131,88.0,us,,"68km NNW of Pagudpud, Philippines",0.79,284,",us,",reviewed,earthquake,1388539582990,https://earthquake.usgs.gov/earthquakes/eventpage/usb000m2ve
,,,us,,"134km SSE of False Pass, Alaska",0.29,129,",ak,us,ak,",reviewed,earthquake,1388539383150,https://earthquake.usgs.gov/earthquakes/eventpage/usc000lyb9
,6.443,141.0,us,,"194km S of Taron, Papua New Guinea",0.8,271,",us,",reviewed,earthquake,1388538507220,https://earthquake.usgs.gov/earthquakes/eventpage/usb000m2vd
,0.1213,155.0,ci,17.0,"15km N of Borrego Springs, CA",0.13,5,",ci,",reviewed,earthquake,1388538268330,https://earthquake.usgs.gov/earthquakes/eventpage/ci11408442
,,,ak,,"32km E of Redoubt Volcano, Alaska",0.39,50,",ak,ak,",reviewed,earthquake,1388538057944,https://earthquake.usgs.gov/earthquakes/eventpage/ak0141o4wki
,,,ak,,"87km SE of Nikolski, Alaska",0.21,81,",ak,ak,",reviewed,earthquake,1388537642935,https://earthquake.usgs.gov/earthquakes/eventpage/ak0141nuxdx
,0.1128,153.0,ci,15.0,"21km ESE of Anza, CA",0.1,0,",ci,",reviewed,earthquake,1388537639130,https://earthquake.usgs.gov/earthquakes/eventpage/ci11408434
,,,ak,,"74km SSE of Deltana, Alaska",0.57,26,",ak,ak,",reviewed,earthquake,1388537221015,https://earthquake.usgs.gov/earthquakes/eventpage/ak0141ntf85
,0.08565,182.0,uw,9.0,"21km NNW of Amboy, Washington",0.1,1,",uw,",reviewed,earthquake,1388536764680,https://earthquake.usgs.gov/earthquakes/eventpage/uw60664276
,0.006306,90.0,nc,14.0,"4km WNW of Cobb, California",0.05,18,",nc,",automatic,earthquake,1388536602470,https://earthquake.usgs.gov/earthquakes/eventpage/nc72133846
,,207.0,hv,38.0,"18 km SE of Fern Forest, Hawaii",0.14,67,",hv,",reviewed,earthquake,1388536590280,https://earthquake.usgs.gov/earthquakes/eventpage/hv60614021
,,,ak,,"46km SSW of Redoubt Volcano, Alaska",0.77,62,",ak,ak,",reviewed,earthquake,1388535883771,https://earthquake.usgs.gov/earthquakes/eventpage/ak0141nol21
,0.007207,65.0,nc,30.0,"9km WNW of The Geysers, California",0.04,5,",nc,",reviewed,earthquake,1388535010970,https://earthquake.usgs.gov/earthquakes/eventpage/nc72133841
,5.337,41.0,us,,"163km W of Neiafu, Tonga",0.6,312,",us,",reviewed,earthquake,1388534728830,https://earthquake.usgs.gov/earthquakes/eventpage/usc000lv5j
,3.794,29.0,us,,"76km NNW of Davila, Philippines",0.85,400,",us,",reviewed,earthquake,1388534476610,https://earthquake.usgs.gov/earthquakes/eventpage/usc000lv5e
